{
  "uciqe_minimizable": {
    "average": 0.03628702089190483,
    "standard_deviation": 0.007633589673787355
  },
  "total_variation": {
    "average": 0.05879312381148338,
    "standard_deviation": 0.03238452598452568
  },
  "psnr_minimizable": {
    "average": 0.05976884439587593,
    "standard_deviation": 0.028992369771003723
  },
  "dssim": {
    "average": 0.11068213731050491,
    "standard_deviation": 0.062036748975515366
  },
  "mse": {
    "average": 0.025612633675336838,
    "standard_deviation": 0.022647229954600334
  },
  "color_minimizable": {
    "average": 0.035978469997644424,
    "standard_deviation": 0.03859851881861687
  },
  "fidelity": {
    "average": 0.03710788115859032,
    "standard_deviation": 0.029906898736953735
  }
}
